{"cameraMode":{"drawMode":0,"name":"Shaded","section":"Shading Mode"},"sceneLighting":false,"audioPlay":false,"sceneViewState":{"m_AlwaysRefresh":false,"showFog":true,"showSkybox":false,"showFlares":true,"showImageEffects":true,"showParticleSystems":true,"showVisualEffectGraphs":true,"m_FxEnabled":true},"in2DMode":false,"pivot":{"x":-81.94871520996094,"y":1.2781927585601807,"z":-0.12930965423583985},"rotation":{"x":-0.027586234733462335,"y":0.03807389363646507,"z":-0.0010524429380893708,"w":-0.9988997578620911},"size":2.529496431350708,"orthographic":false}